"MTurkCode","goal","terminate_time","Value","External","Attainability","Consensus","Measurability","Instrumentality"
"A10LHWALI4BZPC","2","F1",4,2.16666666666667,5.75,2,6.5,4
"A11F3MA5FWH6SJ","3","F1",5.71428571428571,4,4.5,2,5.5,4
"A13FUEPWBCLBUY","2","F1",5.85714285714286,3.83333333333333,1,4.5,7,5.66666666666667
"A1561P9VVA3C1C","2","F1",4.57142857142857,4.83333333333333,4.5,3.5,7,3
"A16Z9FSSF1X74O","3","F1",4,1.5,1,0,4,3
"A1720HSKGQ41VJ","1","F1",5.57142857142857,3.83333333333333,4.25,3.25,6.5,3.33333333333333
"A198MSVO1VTAT5","1","F1",4,3,6,3.75,7,5
"A198MSVO1VTAT5","2","F1",3.85714285714286,3.16666666666667,6,3.75,7,4
"A19YQU3ZZ8USPO","2","F1",5.57142857142857,2.5,5.25,-0.75,6.5,NA
"A1BIJGB7XA0GME","1","F1",5.42857142857143,6,4.5,5,7,3
"A1BSVEBYDZ0AAU","3","F1",3.28571428571429,1.5,2.75,3.75,3,3.33333333333333
"A1G187YBG0DVMQ","3","F1",3.28571428571429,3.16666666666667,1.25,3,3.5,2.66666666666667
"A1J8TVICSRC70W","1","F1",4.71428571428571,3.5,1,4.25,6.5,4
"A1J8TVICSRC70W","3","F1",4,2.83333333333333,2.5,1,5,2.66666666666667
"A1J8TVICSRC70W","5","F1",3.71428571428571,5,1,1.75,7,5
"A1K8VUKRL53OX","1","F1",6.85714285714286,6,3.75,4,6.5,6.33333333333333
"A1KC342L9WAQ2","1","F1",6.57142857142857,6.16666666666667,4.25,2,6,5.66666666666667
"A1QT7BQZVOBSY0","2","F1",5.28571428571429,2.33333333333333,5.25,2.25,7,6
"A1R5W4RQZTROD8","2","F1",3.57142857142857,2.16666666666667,1.25,0.25,4,2.33333333333333
"A1SL72YBUW8Q8K","4","F1",4.42857142857143,2,2.25,3,6,3.33333333333333
"A1TPGXT718D68E","2","F1",5.85714285714286,5,5.25,5,7,7
"A1VRG5HKZC0H0C","1","F1",5.57142857142857,3.33333333333333,3.75,0.75,7,3.66666666666667
"A1WJYF201K77BI","4","F1",5.14285714285714,2.33333333333333,1.25,-0.25,5.5,3.66666666666667
"A1WJYF201K77BI","5","F1",4.71428571428571,2,4.75,3,6,5
"A1WQACYPLESVGL","4","F1",6.28571428571429,1.33333333333333,4.5,3.5,7,5.66666666666667
"A21ZYTE6WOKUA","1","F1",6.71428571428571,4,5.25,3.25,7,7
"A21ZYTE6WOKUA","2","F1",6.42857142857143,4.66666666666667,4.5,3,7,7
"A225BMTMXUR5F4","1","F1",6.85714285714286,2.16666666666667,4.25,2.75,7,6
"A22SZHZTF72TRM","1","F1",6,3.16666666666667,4.5,3.25,7,6
"A26UAJWMMNN351","2","F1",4.57142857142857,4,2.25,3.25,5.5,3
"A2FP41BSPG0Y4A","4","F1",4.14285714285714,3.5,1.5,2.5,4,4.33333333333333
"A2FP41BSPG0Y4A","5","F1",6.28571428571429,4.83333333333333,4.25,1.75,6.5,5.66666666666667
"A2H0VR477QHYO7","1","F1",6.71428571428571,5.33333333333333,4.25,3.25,7,5.33333333333333
"A2H0VR477QHYO7","3","F1",5.85714285714286,6.33333333333333,1.25,4,6,6.66666666666667
"A2IJEKMVEHQ90W","5","F1",5.14285714285714,5,5.25,2.75,7,4
"A2R9OK4M877ZCC","2","F1",6.14285714285714,5.16666666666667,5.25,4.5,7,7
"A2W0G89O7E9EFO","2","F1",5.42857142857143,2.66666666666667,5.5,2.5,7,4
"A2Y0WNHMT4PZ4C","2","F1",5.28571428571429,4.33333333333333,2,4.5,6,5.66666666666667
"A30FIPRPFQRBO6","2","F1",6.57142857142857,6,2,5,7,6.33333333333333
"A30FIPRPFQRBO6","3","F1",6.14285714285714,4.33333333333333,4,3.5,7,5.66666666666667
"A36ZURENFWTYOZ","2","F1",3.85714285714286,1.5,0.5,3.75,6.5,5
"A36ZURENFWTYOZ","5","F1",6.42857142857143,5,4.25,4.25,7,5.66666666666667
"A39H9RIYRB5ZYV","5","F1",6.57142857142857,2.5,5.5,2.5,4.5,5.66666666666667
"A3GI28OVLDI9ST","1","F1",6.28571428571429,4.5,5,1.75,7,5.66666666666667
"A3GZXU4FUJTKZD","1","F1",4.42857142857143,7,2.5,2.75,7,3
"A3KFFIBJZVM0J2","1","F1",4.42857142857143,4.16666666666667,4.5,1.75,7,5
"A3KFFIBJZVM0J2","4","F1",4.28571428571429,5.5,4.75,3.5,7,5.66666666666667
"A3KIZLHCD945UK","2","F1",5.71428571428571,2.66666666666667,5.25,4,7,5.66666666666667
"A3KNLR8H286IHT","2","F1",5.14285714285714,1.66666666666667,5,2,7,5
"A3KNLR8H286IHT","3","F1",6.57142857142857,3.5,5.25,3,7,5.66666666666667
"A3LL096CAY5WHB","1","F1",5.14285714285714,5.5,2,2.25,5,NA
"A3LL096CAY5WHB","2","F1",5.42857142857143,4.83333333333333,0.75,3,5.5,5.66666666666667
"A3M81P9BEVE1GD","2","F1",6,6,3.25,2,7,6
"A3M81P9BEVE1GD","3","F1",5.71428571428571,6.66666666666667,3.25,3.25,5.5,5.66666666666667
"A3NLSGHK6RFXA8","2","F1",6,3.5,3.25,3.5,7,5.66666666666667
"A3OPRR8AXT6OSJ","3","F1",5.42857142857143,1.83333333333333,4.75,2,7,5.33333333333333
"A3ROYUO9LWA22S","1","F1",5.85714285714286,4.16666666666667,6,4,7,6
"A3VYBAO7UQQHGC","2","F1",6.28571428571429,3,4.75,3.5,7,6
"A5A14MTB35J23","4","F1",5.85714285714286,2.16666666666667,3.25,1.25,7,1
"AHGDYNKOKJWFJ","2","F1",5.57142857142857,3.83333333333333,4.25,3.5,6,4
"AHKRGPN5D3I2G","3","F1",6.85714285714286,4.66666666666667,4.25,3.25,7,5
"AJ4T7PTRYNSUW","2","F1",4.14285714285714,5.33333333333333,1.5,4.25,5.5,5.66666666666667
"AJDHPRCJ985C7","4","F1",4.71428571428571,2.16666666666667,5.25,0.5,5.5,4
"AL7UTA8J27TFK","3","F1",5.85714285714286,2.66666666666667,5.25,2.75,7,5.33333333333333
"AMTTB8JUWRRM7","2","F1",5.71428571428571,1.83333333333333,2,4.5,6,3.33333333333333
"ASY5W2HJPIPF4","1","F1",3.14285714285714,2,5.5,-0.5,7,3
"AUQTHU5AOZVQC","1","F1",7,4.5,5,3.75,7,6.33333333333333
"AUQTHU5AOZVQC","5","F1",6.57142857142857,5,5.75,4,7,6
"AWTGJ45ZWUCHH","4","F1",6.57142857142857,3.5,4.5,2,7,5.33333333333333
"AWTGJ45ZWUCHH","5","F1",4,1.5,5.25,2,2.5,5
"AY4E4CDN0J6JL","4","F1",4.14285714285714,2.83333333333333,2.25,1.5,7,4
"AY5QPUSEADPBG","2","F1",6.42857142857143,3,-0.5,2,3,3.66666666666667
"AYA1LRB27KSR1","1","F1",6.71428571428571,3.5,2,5,6,4.66666666666667
"A110BZSDZN7E16","1","F2",6.85714285714286,2.83333333333333,4.5,2.75,7,6.33333333333333
"A121T4P5NKCHCS","1","F2",6.42857142857143,4.66666666666667,4.75,3,7,4.66666666666667
"A15VI0QFR2YO50","2","F2",6.28571428571429,4.66666666666667,5,3.5,5.5,6.33333333333333
"A169WH54HMYS5Z","2","F2",4.71428571428571,2.5,2.75,1.5,3.5,4.66666666666667
"A16Z9FSSF1X74O","1","F2",6.14285714285714,4.5,2,5,7,7
"A16Z9FSSF1X74O","2","F2",5.85714285714286,1.66666666666667,-0.25,4,4.5,6.66666666666667
"A1720HSKGQ41VJ","3","F2",3.28571428571429,4.66666666666667,1.75,4,6.5,4.33333333333333
"A17KN7NAP48L4B","1","F2",6.57142857142857,2.83333333333333,5.25,3.75,7,7
"A17KN7NAP48L4B","3","F2",4.71428571428571,1.5,2,3,5.5,4
"A1ABL45KAK12A5","2","F2",3.14285714285714,2,2.75,2.5,5,5
"A1D2ZSPIHOI23K","1","F2",3.85714285714286,4.16666666666667,2.75,2.25,5,3
"A1D2ZSPIHOI23K","2","F2",NA,3.16666666666667,1,2,5,4
"A1G187YBG0DVMQ","1","F2",5.28571428571429,3.16666666666667,3.75,3.25,3.5,5.33333333333333
"A1G187YBG0DVMQ","2","F2",4.57142857142857,3.33333333333333,-0.5,2.75,7,3.66666666666667
"A1H5Q9HRH4RPZU","3","F2",3.57142857142857,3.33333333333333,3.75,4.25,4.5,5
"A1IBLFQ2E6VA2J","1","F2",5.42857142857143,5.16666666666667,5,2.75,7,5.33333333333333
"A1IBLFQ2E6VA2J","2","F2",7,5.83333333333333,4.5,2.5,7,7
"A1IBLFQ2E6VA2J","5","F2",6.57142857142857,4,1,3,7,6
"A1J8TVICSRC70W","2","F2",3.57142857142857,3.83333333333333,1.5,3.5,6.5,5.66666666666667
"A1J8TVICSRC70W","4","F2",3.85714285714286,4,1.25,3.75,4.5,4.66666666666667
"A1KC342L9WAQ2","2","F2",5.57142857142857,4.66666666666667,2.5,2.25,6,5
"A1MJWY7UO3CDSM","1","F2",6.71428571428571,4.5,4,4.25,7,5
"A1OR82RF1ZFWP","1","F2",6.57142857142857,5.5,4.5,4.5,6.5,4.66666666666667
"A1OR82RF1ZFWP","2","F2",4.42857142857143,1.16666666666667,0.5,0.75,6,4.66666666666667
"A1QT7BQZVOBSY0","3","F2",4.71428571428571,1.5,5.25,1,6,4.33333333333333
"A1TPGXT718D68E","3","F2",6.57142857142857,6,5.5,3,7,4
"A1VRG5HKZC0H0C","2","F2",6.71428571428571,5.33333333333333,4.5,4.5,7,5.66666666666667
"A1VRG5HKZC0H0C","3","F2",5.85714285714286,5.83333333333333,3.5,3.75,6,4.66666666666667
"A1WJYF201K77BI","1","F2",6.57142857142857,4,3.75,4.5,6,5
"A1WJYF201K77BI","2","F2",5.57142857142857,4,3.5,3,6,5.33333333333333
"A1WQACYPLESVGL","2","F2",4.71428571428571,3.16666666666667,4.25,3.25,6.5,5
"A1XUZFDVKP95VC","2","F2",6.28571428571429,4.66666666666667,4.5,NA,7,6
"A1Z2ZGPJRGG0G3","3","F2",5.85714285714286,1.5,4,1,7,3
"A21ZYTE6WOKUA","3","F2",6.28571428571429,6.66666666666667,5,3.5,7,7
"A286W816CMIZL9","3","F2",4.14285714285714,2,2.25,4,7,6.33333333333333
"A2ASTDMWBCFIP0","2","F2",6.14285714285714,4.66666666666667,5.5,4,6.5,6
"A2AT6TSPPCR106","3","F2",6.14285714285714,2.16666666666667,5,2.75,7,5.66666666666667
"A2AZYU1CT24O0K","4","F2",4.42857142857143,3.33333333333333,4.25,4,6,6.33333333333333
"A2AZYU1CT24O0K","5","F2",3.57142857142857,2.5,1.25,2.5,7,3.66666666666667
"A2F5QCUTZU7KF7","2","F2",6.85714285714286,4.16666666666667,5,3.25,5.5,6
"A2H6Q22X1V1FTX","1","F2",4.14285714285714,1.66666666666667,5.5,1,3.5,4.66666666666667
"A2H6Q22X1V1FTX","2","F2",3.71428571428571,4,6,3.25,5,3.33333333333333
"A2H6Q22X1V1FTX","3","F2",2.42857142857143,3.33333333333333,6,2.75,5,3.66666666666667
"A2LU3430Q972IN","1","F2",5.28571428571429,2.83333333333333,3.5,4,5.5,4
"A2LU3430Q972IN","2","F2",5.85714285714286,4.16666666666667,4.5,2,7,6.33333333333333
"A2O2Q0LVWOWJ1G","2","F2",5.85714285714286,2.66666666666667,-0.25,4,6,5.33333333333333
"A2O2Q0LVWOWJ1G","4","F2",5,3.83333333333333,1.5,4,7,3.33333333333333
"A2R9OK4M877ZCC","1","F2",6.57142857142857,3.5,5,3.5,7,4.66666666666667
"A2WJMGV0HKQG3Z","1","F2",7,5.16666666666667,4.5,3.5,7,6
"A2X3FSFHV5GHJU","1","F2",5.85714285714286,2,5,1,3.5,4
"A2ZGAH6NOSU2PO","2","F2",6,NA,4.5,3,6.5,4.33333333333333
"A302KOFOYLD89A","1","F2",5,3.83333333333333,4.25,4.25,7,2.33333333333333
"A34VLM2UC0JY11","1","F2",6.14285714285714,5,6,4.25,7,7
"A350SLJRMBIFM4","2","F2",4,2.5,0.75,2.25,5,3.66666666666667
"A350SLJRMBIFM4","4","F2",5.28571428571429,6,5,2.75,7,5
"A3AJJHOAV7WIUQ","3","F2",5.28571428571429,4,1.75,3.25,6,5.66666666666667
"A3CAF7LTD3ORSG","2","F2",6,4.16666666666667,5,2.25,6.5,5.66666666666667
"A3GI28OVLDI9ST","3","F2",4.57142857142857,4,0.5,2.75,7,3.66666666666667
"A3GI28OVLDI9ST","4","F2",6,3.83333333333333,0.75,3.25,6,5
"A3OLRWACCCCUTU","5","F2",5.28571428571429,3,5,2.5,7,5.33333333333333
"A3UUH3632AI3ZX","1","F2",7,4.5,4.5,3.25,7,5
"A3VYBAO7UQQHGC","1","F2",6.57142857142857,2.83333333333333,4.5,3.25,7,5.66666666666667
"A49CVVOWN4D6Y","4","F2",6,3.16666666666667,0.75,4.75,5.5,6
"A5A14MTB35J23","3","F2",3.42857142857143,2,5,0.25,7,3
"A7P3R1AIA4TVV","3","F2",4.71428571428571,3,4.5,2.75,6.5,3
"ABOEYY9Y0PFRI","2","F2",4.57142857142857,1.66666666666667,4.25,3.25,4.5,4.33333333333333
"AH00EJ6PK1H3A","1","F2",6,1.16666666666667,5.25,3.25,6.5,3.66666666666667
"AIA7RZSAONU5M","2","F2",4.28571428571429,3.66666666666667,0.5,4.5,6,6
"AKX5RHHO8BIUX","1","F2",6.42857142857143,4.66666666666667,4.5,3.75,7,6
"AKX5RHHO8BIUX","5","F2",5.14285714285714,5,5.25,2.5,7,5
"ANZNAAS2K0DSY","2","F2",5.71428571428571,5.33333333333333,4.75,4.5,6.5,5.33333333333333
"ANZNAAS2K0DSY","3","F2",2.85714285714286,1,6,0.5,7,3.66666666666667
"AQMLJYUQCSG22","2","F2",3.57142857142857,3.83333333333333,2.25,2,5.5,3.33333333333333
"AS6FM754MF2B2","4","F2",4.57142857142857,2.83333333333333,0.5,2.25,6.5,5
"AT6LDQNLKTUSE","1","F2",6.28571428571429,4.66666666666667,4.5,4,7,5
"AT6LDQNLKTUSE","2","F2",4.85714285714286,3,1.75,4,5,5.66666666666667
"AWVLT2L5AP873","1","F2",3.28571428571429,2.83333333333333,3,3.5,7,4.33333333333333
"A10LHWALI4BZPC","1","F3",6,2.83333333333333,4.75,3.25,7,4
"A10LHWALI4BZPC","3","F3",3.71428571428571,4.5,1.25,3,6.5,2.66666666666667
"A10LHWALI4BZPC","4","F3",6.42857142857143,2.5,5.5,0.75,7,4.33333333333333
"A110BZSDZN7E16","2","F3",6.14285714285714,3.83333333333333,4.25,4.25,7,5.66666666666667
"A110BZSDZN7E16","3","F3",6.14285714285714,3.16666666666667,4.5,4.5,7,7
"A11F3MA5FWH6SJ","1","F3",7,3.5,4.5,3.5,7,5.66666666666667
"A11F3MA5FWH6SJ","2","F3",7,2.5,4.5,3.5,7,5.66666666666667
"A11ILN5YSUDVG8","1","F3",5.85714285714286,2.66666666666667,3.5,3.75,6,6.66666666666667
"A11ILN5YSUDVG8","2","F3",6.14285714285714,3.66666666666667,4.75,3.25,6,6.33333333333333
"A11ILN5YSUDVG8","3","F3",6.71428571428571,5.33333333333333,2.25,3.5,4,6
"A121T4P5NKCHCS","2","F3",6,3.16666666666667,4.75,2.75,7,5
"A121T4P5NKCHCS","3","F3",5.28571428571429,4.5,0.25,3.75,7,4.33333333333333
"A132GRVDGXPJGY","1","F3",5.57142857142857,3.5,3.75,3.25,7,6
"A132GRVDGXPJGY","2","F3",6.28571428571429,4.83333333333333,1,4.25,5.5,4
"A132GRVDGXPJGY","3","F3",7,3.16666666666667,-0.5,1.75,7,5.66666666666667
"A13FUEPWBCLBUY","1","F3",6,3.5,4.5,3.75,7,5.66666666666667
"A13O22EMG5ZVN0","1","F3",4.14285714285714,4,2.75,2.25,3.5,4.33333333333333
"A13O22EMG5ZVN0","2","F3",4.71428571428571,3.66666666666667,2.25,2,4,3.66666666666667
"A13O22EMG5ZVN0","3","F3",3.85714285714286,4,3,1.75,4.5,4
"A13WTEQ06V3B6D","1","F3",6.71428571428571,3.33333333333333,5,4.25,7,6
"A13WTEQ06V3B6D","2","F3",6.28571428571429,6,1.75,4.75,7,6
"A13WTEQ06V3B6D","3","F3",5.28571428571429,1.5,5.5,1.5,6.5,4.33333333333333
"A1561P9VVA3C1C","1","F3",5,1.83333333333333,1,4,5.5,4
"A1561P9VVA3C1C","3","F3",5.57142857142857,3.16666666666667,1.25,4.5,7,4.33333333333333
"A15VI0QFR2YO50","1","F3",5.85714285714286,4.66666666666667,5.25,2.25,7,7
"A169WH54HMYS5Z","1","F3",7,5.5,3.75,4.25,6.5,5
"A169WH54HMYS5Z","3","F3",6.42857142857143,3.83333333333333,4.25,4,7,5.66666666666667
"A16Z9FSSF1X74O","4","F3",4.85714285714286,1.33333333333333,4.5,1.25,7,3.33333333333333
"A16Z9FSSF1X74O","5","F3",5.71428571428571,4.33333333333333,3,2.75,5,1.66666666666667
"A1720HSKGQ41VJ","2","F3",5.57142857142857,3,1,4,6.5,3.33333333333333
"A1720HSKGQ41VJ","4","F3",6.14285714285714,3.66666666666667,3.5,2.75,6.5,5
"A17KN7NAP48L4B","2","F3",5.57142857142857,1.83333333333333,4.25,3.5,7,7
"A18JNQE5GZQIX5","1","F3",6.14285714285714,5.66666666666667,4.25,3.5,6.5,6.66666666666667
"A18JNQE5GZQIX5","2","F3",6.14285714285714,5.66666666666667,5,3.25,7,6
"A18JNQE5GZQIX5","3","F3",4,1.83333333333333,2.75,1.5,7,4.66666666666667
"A18SXC3JEN1O0U","1","F3",5,2.66666666666667,5.25,4.75,5.5,5
"A18SXC3JEN1O0U","2","F3",4.85714285714286,1.66666666666667,0.75,5,3,2.33333333333333
"A196O7GQLD3S2J","1","F3",5.71428571428571,2.83333333333333,3.25,4.25,5.5,4.33333333333333
"A196O7GQLD3S2J","2","F3",3.85714285714286,1.33333333333333,3.75,1.25,6.5,5
"A196O7GQLD3S2J","3","F3",5.14285714285714,3.16666666666667,3.75,2.25,5.5,4
"A198MSVO1VTAT5","3","F3",4.14285714285714,2.66666666666667,5.75,4.5,7,5
"A198MSVO1VTAT5","4","F3",4.85714285714286,4,5.75,3.5,7,4.66666666666667
"A19YQU3ZZ8USPO","1","F3",4.85714285714286,3,4.25,3.75,4.5,4
"A19YQU3ZZ8USPO","3","F3",6,2.33333333333333,4,0.25,6,5
"A1ABL45KAK12A5","1","F3",6.71428571428571,4,3.75,3.5,5.5,6.33333333333333
"A1ABL45KAK12A5","3","F3",6.14285714285714,NA,0.75,4.5,5.5,5
"A1ABL45KAK12A5","4","F3",5.57142857142857,4.5,3.5,5,6,6.66666666666667
"A1ABL45KAK12A5","5","F3",7,4,4.25,4.75,7,6.33333333333333
"A1ADAWW4IHPCQ7","1","F3",5.57142857142857,4.83333333333333,3.75,3,7,4.66666666666667
"A1ADAWW4IHPCQ7","2","F3",5.28571428571429,3.16666666666667,1,5,7,5
"A1ADAWW4IHPCQ7","3","F3",6.42857142857143,3.83333333333333,3,3.25,5,5.66666666666667
"A1AIMKA54UBYIQ","1","F3",5.14285714285714,2.33333333333333,3.75,2.25,5.5,4.66666666666667
"A1AIMKA54UBYIQ","2","F3",4.42857142857143,2.33333333333333,0.25,4,6.5,2.33333333333333
"A1AZLJ3R5FQ9B7","1","F3",5.57142857142857,3.33333333333333,2.75,3.5,7,3.66666666666667
"A1AZLJ3R5FQ9B7","2","F3",4.42857142857143,2.83333333333333,3,1.5,7,4
"A1AZLJ3R5FQ9B7","3","F3",6.28571428571429,3.33333333333333,5,2.75,7,3.66666666666667
"A1B5SSGMTAQ9B5","1","F3",4,4,2.75,1.75,2.5,4.33333333333333
"A1B5SSGMTAQ9B5","2","F3",4.14285714285714,4.5,2.25,2.5,5.5,3
"A1BG47GSHQ9WSU","1","F3",4.85714285714286,3.5,1.5,4.5,5.5,4.33333333333333
"A1BG47GSHQ9WSU","2","F3",4.71428571428571,2.66666666666667,4.25,4.25,6.5,4
"A1BIJGB7XA0GME","2","F3",7,4,4.25,5,7,5
"A1BIJGB7XA0GME","3","F3",4.71428571428571,2,2.5,3,4,4.33333333333333
"A1BSVEBYDZ0AAU","1","F3",5.42857142857143,2,5,4.25,6,5.66666666666667
"A1BSVEBYDZ0AAU","2","F3",6.14285714285714,2.33333333333333,4.5,3.75,6.5,4.66666666666667
"A1BWS5AD2T4NIR","1","F3",5.71428571428571,4.33333333333333,4,3.25,6,6
"A1BWS5AD2T4NIR","2","F3",5.57142857142857,4.5,4.75,4.5,5.5,4.33333333333333
"A1BWS5AD2T4NIR","3","F3",6,5.5,4.25,3.25,5,4.66666666666667
"A1BWS5AD2T4NIR","4","F3",5.14285714285714,3.33333333333333,4,3.75,7,5.33333333333333
"A1BWS5AD2T4NIR","5","F3",6.14285714285714,2.66666666666667,4.25,-0.25,6.5,3.33333333333333
"A1CI5U3BLQ2DDS","1","F3",5.14285714285714,3,4.25,4.75,7,6
"A1CI5U3BLQ2DDS","2","F3",5.28571428571429,4.33333333333333,3,5,3.5,6.33333333333333
"A1CI5U3BLQ2DDS","3","F3",4.57142857142857,3.5,1,4.25,7,5
"A1CI5U3BLQ2DDS","4","F3",4.71428571428571,4.5,0.75,4.25,7,4
"A1CI5U3BLQ2DDS","5","F3",5.14285714285714,3.83333333333333,3,5,7,6
"A1CTUG0RUGCY48","1","F3",5.57142857142857,3,4.75,2.75,6.5,5.66666666666667
"A1D2ZSPIHOI23K","3","F3",4.71428571428571,4.66666666666667,2,2.5,3.5,4
"A1D7IULWFI8PB1","1","F3",6,3.33333333333333,3,3.75,4.5,4.66666666666667
"A1D7IULWFI8PB1","2","F3",6,2,3,4.25,7,5.33333333333333
"A1D7IULWFI8PB1","3","F3",3.85714285714286,3.5,5.5,3.25,4.5,3.66666666666667
"A1DD23J1WBGQUU","1","F3",6,1.5,2.75,3.25,5.5,5
"A1DD23J1WBGQUU","2","F3",5.85714285714286,3,1.25,3.25,6.5,4.33333333333333
"A1DD23J1WBGQUU","3","F3",5.71428571428571,1.66666666666667,3.5,3.5,7,4.33333333333333
"A1EH9BPKYXFBS5","1","F3",6.14285714285714,1.83333333333333,3.5,4.75,6,6.66666666666667
"A1EH9BPKYXFBS5","2","F3",5.42857142857143,NA,4.25,3.25,6.5,7
"A1EH9BPKYXFBS5","3","F3",5.71428571428571,2.16666666666667,4.5,2.75,5.5,6.33333333333333
"A1EH9BPKYXFBS5","4","F3",5.14285714285714,2,4.75,2.25,4.5,6.66666666666667
"A1EH9BPKYXFBS5","5","F3",5.28571428571429,3.16666666666667,4.25,2.5,6,5.33333333333333
"A1F1TBDHPYAAXT","1","F3",5.71428571428571,3.66666666666667,4.25,2.5,7,7
"A1F1TBDHPYAAXT","2","F3",6.14285714285714,3.83333333333333,3.75,3,7,7
"A1F1TBDHPYAAXT","3","F3",5.57142857142857,3.16666666666667,5,2.25,7,4.33333333333333
"A1G5EPLJEGL381","1","F3",5.85714285714286,3.5,4.25,3.75,7,7
"A1G5EPLJEGL381","2","F3",5.57142857142857,4.16666666666667,3.75,3.5,6,6
"A1H5Q9HRH4RPZU","1","F3",3.85714285714286,3,3.25,3.25,3,3.66666666666667
"A1H5Q9HRH4RPZU","2","F3",5.28571428571429,3.66666666666667,4,3.25,7,5
"A1IBLFQ2E6VA2J","3","F3",6,2.33333333333333,NA,2.25,5.5,6.33333333333333
"A1IBLFQ2E6VA2J","4","F3",6.71428571428571,2.83333333333333,6,3.75,7,7
"A1IJ56N5Z4TT46","1","F3",4.42857142857143,3.83333333333333,2.75,3.5,5.5,5
"A1IJ56N5Z4TT46","2","F3",4.85714285714286,3.66666666666667,1.75,3,5,4
"A1IJ56N5Z4TT46","3","F3",5.42857142857143,4.33333333333333,2,0.5,6,3.66666666666667
"A1IJ56N5Z4TT46","4","F3",4.71428571428571,4.66666666666667,2.75,1,5.5,3.66666666666667
"A1IJ56N5Z4TT46","5","F3",5.85714285714286,4.33333333333333,2.25,2.75,5,4.33333333333333
"A1IL81UMEC9OJI","1","F3",5.28571428571429,4.5,4.5,3.5,5,5.66666666666667
"A1IL81UMEC9OJI","2","F3",4.85714285714286,4,5,3.5,4,4.33333333333333
"A1IL81UMEC9OJI","3","F3",5.42857142857143,2.66666666666667,5,2.75,6,5.66666666666667
"A1IL81UMEC9OJI","4","F3",5.42857142857143,2.66666666666667,4.25,4,4,4
"A1IL81UMEC9OJI","5","F3",5.85714285714286,4,5,3.25,3.5,3.66666666666667
"A1K8VUKRL53OX","2","F3",7,5,4.5,2,7,7
"A1K8VUKRL53OX","3","F3",6.28571428571429,4.33333333333333,3.5,3.25,7,7
"A1K8VUKRL53OX","4","F3",7,5.5,4.75,2,7,7
"A1K8VUKRL53OX","5","F3",6.71428571428571,4.83333333333333,4.5,3.5,7,7
"A1KC342L9WAQ2","3","F3",4.85714285714286,4.83333333333333,4.75,3,6.5,5
"A1LS7GARU7CD08","1","F3",4.42857142857143,NA,4,2.75,6.5,4.66666666666667
"A1LS7GARU7CD08","2","F3",5.71428571428571,2.66666666666667,3.75,4.25,6,2
"A1LS7GARU7CD08","3","F3",4.28571428571429,1.83333333333333,1.75,3.25,4.5,3
"A1M8BYIP0KZJZX","1","F3",5.28571428571429,3.5,1.75,4.75,5.5,5.66666666666667
"A1M8BYIP0KZJZX","2","F3",NA,2.66666666666667,3.25,3.25,4.5,1.66666666666667
"A1M8BYIP0KZJZX","3","F3",5.42857142857143,1.33333333333333,0,4.5,6,3
"A1M8BYIP0KZJZX","4","F3",5.42857142857143,3.66666666666667,5.75,4.75,7,6.33333333333333
"A1M8BYIP0KZJZX","5","F3",3.71428571428571,4.66666666666667,5.75,4,7,5.66666666666667
"A1MJWY7UO3CDSM","2","F3",4,2.83333333333333,1,1.75,5,4.33333333333333
"A1NVF1YLDLF563","1","F3",5.85714285714286,4.16666666666667,4.5,2.5,6.5,4.33333333333333
"A1NVF1YLDLF563","2","F3",5.42857142857143,3.5,4.25,3.25,7,5.33333333333333
"A1NVF1YLDLF563","3","F3",5.28571428571429,3,3.75,4,4.5,5.33333333333333
"A1O9PAK6THJ9Y7","1","F3",4.71428571428571,2.83333333333333,2.5,4,6.5,3.66666666666667
"A1O9PAK6THJ9Y7","2","F3",4.57142857142857,3.33333333333333,3,3.25,6.5,3.66666666666667
"A1OR82RF1ZFWP","3","F3",5.14285714285714,1.5,4.5,3.75,5,4.66666666666667
"A1P3I7YCWXF9YG","1","F3",7,6,4.5,4,7,7
"A1P3I7YCWXF9YG","2","F3",7,6,4.75,3.5,7,5
"A1QT7BQZVOBSY0","1","F3",5.42857142857143,2.33333333333333,4.25,3.25,7,4
"A1QT7BQZVOBSY0","4","F3",6.71428571428571,2.16666666666667,5.25,1.75,7,5.33333333333333
"A1R5W4RQZTROD8","1","F3",5.57142857142857,4.33333333333333,3.5,1.75,4.5,2.33333333333333
"A1R5W4RQZTROD8","3","F3",4.28571428571429,1.83333333333333,5,4.25,6.5,3.66666666666667
"A1R5W4RQZTROD8","4","F3",3.85714285714286,2.66666666666667,4.5,4.25,6.5,4
"A1ROEDVMTO9Y3X","1","F3",6.14285714285714,4,4.5,2.75,6,6
"A1ROEDVMTO9Y3X","2","F3",5.71428571428571,4,5.25,3.5,6,6
"A1RQUOVV8PCXBM","1","F3",6.28571428571429,4.5,2.25,3,5,4.66666666666667
"A1RQUOVV8PCXBM","2","F3",5.85714285714286,5.16666666666667,2,3.75,5.5,5.33333333333333
"A1RQUOVV8PCXBM","3","F3",6.42857142857143,5,3.75,3.75,5.5,6
"A1RQUOVV8PCXBM","4","F3",6,4.33333333333333,2.75,3.5,4.5,5.33333333333333
"A1RQUOVV8PCXBM","5","F3",6.85714285714286,5,3,3.25,3,6.66666666666667
"A1SISJL5ST2PWH","1","F3",3.85714285714286,2.33333333333333,4,2.75,6,4.66666666666667
"A1SISJL5ST2PWH","2","F3",3.28571428571429,2.16666666666667,1.5,2.75,5,4
"A1SISJL5ST2PWH","3","F3",3.71428571428571,2,2,2,5,3.66666666666667
"A1SL72YBUW8Q8K","1","F3",6.57142857142857,3.33333333333333,4.75,4,5.5,5.33333333333333
"A1SL72YBUW8Q8K","2","F3",6.42857142857143,3.66666666666667,5,4.25,7,6
"A1SL72YBUW8Q8K","3","F3",5.42857142857143,4.66666666666667,4.75,2,7,4
"A1T83SZBP2DN65","1","F3",6.42857142857143,4.83333333333333,4.25,4,7,4.66666666666667
"A1T83SZBP2DN65","2","F3",6.28571428571429,3,4.5,1,6.5,4.66666666666667
"A1TPGXT718D68E","1","F3",6,5.5,-0.5,NA,7,1.33333333333333
"A1U8LTCX5XYJ45","1","F3",6.57142857142857,7,4.5,3.5,7,7
"A1U8LTCX5XYJ45","2","F3",6.57142857142857,5.5,4.5,3.5,7,6
"A1U8LTCX5XYJ45","3","F3",6.57142857142857,7,4.5,3.5,7,7
"A1VFRCYMWGWWCZ","1","F3",5.71428571428571,5.33333333333333,3.5,2,5.5,5.33333333333333
"A1VFRCYMWGWWCZ","2","F3",6.42857142857143,5.5,1.5,3,5.5,5.33333333333333
"A1VFRCYMWGWWCZ","3","F3",5.85714285714286,5.33333333333333,3.75,3,6.5,5.33333333333333
"A1VFRCYMWGWWCZ","4","F3",5.42857142857143,5.5,2,3.25,5,NA
"A1VFRCYMWGWWCZ","5","F3",4.14285714285714,3.83333333333333,2.5,1.75,6,5.33333333333333
"A1VRG5HKZC0H0C","4","F3",5.57142857142857,2.83333333333333,3,3,6.5,4
"A1VRG5HKZC0H0C","5","F3",4.71428571428571,2.5,1.5,3.5,4.5,4
"A1W7I6FN183I8F","1","F3",5.85714285714286,4.16666666666667,2.25,4.5,3.5,5.66666666666667
"A1W7I6FN183I8F","2","F3",5.42857142857143,3.33333333333333,4.25,4.75,7,5.66666666666667
"A1W7I6FN183I8F","3","F3",3.85714285714286,4.16666666666667,2,3.75,5.5,3
"A1W7I6FN183I8F","4","F3",6.42857142857143,3.83333333333333,4.25,2,2,3.33333333333333
"A1W7I6FN183I8F","5","F3",4,2.16666666666667,4,1.75,3.5,5
"A1W850QN9RK019","1","F3",4.71428571428571,4.66666666666667,3.5,2.25,4.5,4.66666666666667
"A1W850QN9RK019","2","F3",4.28571428571429,3.83333333333333,4,2.5,4,4.33333333333333
"A1W850QN9RK019","3","F3",4.85714285714286,4,2,2.25,4.5,4
"A1W850QN9RK019","4","F3",4.28571428571429,4.33333333333333,2.75,1.75,4,4.66666666666667
"A1W850QN9RK019","5","F3",4.42857142857143,3.5,3.75,2.25,4,5
"A1WJYF201K77BI","3","F3",5.57142857142857,2.83333333333333,2,2.25,4.5,4.33333333333333
"A1WQACYPLESVGL","1","F3",6.28571428571429,3.83333333333333,3.75,4.75,4,5.33333333333333
"A1WQACYPLESVGL","3","F3",5.71428571428571,1.83333333333333,3,4.5,5.5,5.33333333333333
"A1WQACYPLESVGL","5","F3",5.14285714285714,2,3.25,3,6,4
"A1WS9UHL45VZ0X","1","F3",6.14285714285714,5.33333333333333,2,3,6.5,5
"A1WS9UHL45VZ0X","2","F3",4.71428571428571,3,4.75,3.5,6.5,4
"A1WS9UHL45VZ0X","3","F3",4.42857142857143,3.66666666666667,1,4.25,5,4
"A1WZY0K6IE3ASG","1","F3",5.71428571428571,3.83333333333333,4,4,6.5,6.33333333333333
"A1WZY0K6IE3ASG","2","F3",5.14285714285714,2.16666666666667,4.25,3.25,6,6.33333333333333
"A1WZY0K6IE3ASG","3","F3",4.85714285714286,2.66666666666667,4.25,2,6.5,3
"A1WZY0K6IE3ASG","4","F3",4.85714285714286,2.5,4.25,3.5,4,5.66666666666667
"A1WZY0K6IE3ASG","5","F3",6,2.83333333333333,5,4.25,7,6
"A1X388C6SDCDEY","1","F3",7,2.33333333333333,3.75,4.25,5,6.66666666666667
"A1X388C6SDCDEY","2","F3",6.14285714285714,2.5,2.75,2,7,3
"A1X388C6SDCDEY","3","F3",NA,3,2.75,3.75,5,5
"A1X388C6SDCDEY","4","F3",6.28571428571429,2.5,3.25,4.25,5.5,6.66666666666667
"A1XRWOK00HK1J4","1","F3",5.42857142857143,2.16666666666667,0,4.5,6,3
"A1XRWOK00HK1J4","2","F3",6.28571428571429,2.5,2.75,1.5,6,5.66666666666667
"A1XRWOK00HK1J4","3","F3",4.28571428571429,1,5,3,7,3
"A1XRWOK00HK1J4","4","F3",6.42857142857143,2,4,3.5,6.5,6.33333333333333
"A1XUZFDVKP95VC","1","F3",5.85714285714286,3.16666666666667,3.5,2.25,6,4.66666666666667
"A1YPOIURXB6ESR","1","F3",5.57142857142857,5,2.25,4.5,7,6.33333333333333
"A1YPOIURXB6ESR","2","F3",5.42857142857143,4.66666666666667,6,5,7,6
"A1YPOIURXB6ESR","3","F3",5.42857142857143,5.33333333333333,2.5,4.75,7,5.66666666666667
"A1YPOIURXB6ESR","4","F3",4.71428571428571,3,2.25,4.5,7,5.33333333333333
"A1Z2ZGPJRGG0G3","1","F3",6.14285714285714,2.66666666666667,4.75,2.75,6.5,5.33333333333333
"A1Z2ZGPJRGG0G3","2","F3",5.14285714285714,1.33333333333333,4,2.25,5.5,3.33333333333333
"A1ZT0TLZZTT47M","1","F3",5.57142857142857,3.66666666666667,2.75,3.5,4,5.66666666666667
"A1ZT0TLZZTT47M","2","F3",6,3.16666666666667,2.25,1.25,5,6
"A1ZT0TLZZTT47M","3","F3",6.57142857142857,3.83333333333333,4.25,1,6,4
"A1ZT0TLZZTT47M","4","F3",5.14285714285714,2.33333333333333,4.25,1,2.5,3.33333333333333
"A1ZT0TLZZTT47M","5","F3",5.28571428571429,3,4.5,4,5.5,5.66666666666667
"A1ZT30BGR3266K","1","F3",5.28571428571429,3.66666666666667,4.25,3,6,5.33333333333333
"A1ZT30BGR3266K","2","F3",4.85714285714286,3.5,4,3.25,6,5.33333333333333
"A207IHY6GERCFO","1","F3",6,4.66666666666667,4.5,4,6,5.66666666666667
"A207IHY6GERCFO","2","F3",5.85714285714286,5,0.25,3.5,4.5,3
"A207IHY6GERCFO","3","F3",4.57142857142857,4.16666666666667,1.5,3,3.5,3.66666666666667
"A2196WCNDZULFS","1","F3",7.14285714285714,3.83333333333333,3,4,6.5,4.66666666666667
"A2196WCNDZULFS","2","F3",7,3.33333333333333,3,4.25,6.5,4
"A2196WCNDZULFS","3","F3",7,3.83333333333333,4.75,4.75,6,5
"A21ZYTE6WOKUA","4","F3",7,5.5,4.5,2.75,7,7
"A225BMTMXUR5F4","2","F3",6.85714285714286,3,2.5,2.75,2.5,5.33333333333333
"A225BMTMXUR5F4","3","F3",5.57142857142857,6.33333333333333,0.25,4.25,3,4.66666666666667
"A225BMTMXUR5F4","4","F3",3.57142857142857,4,4,1.5,7,4
"A225BMTMXUR5F4","5","F3",6.85714285714286,3.5,4.5,1.25,6.5,2.66666666666667
"A22SZHZTF72TRM","2","F3",5.85714285714286,3.33333333333333,2.5,4.5,7,3
"A22SZHZTF72TRM","3","F3",6.28571428571429,2.16666666666667,5.25,3.75,6,3.33333333333333
"A22SZHZTF72TRM","4","F3",5.57142857142857,4.16666666666667,4.25,3.75,5,3.33333333333333
"A248PLZABUKB62","1","F3",6.14285714285714,6.16666666666667,4,3.5,7,4
"A248PLZABUKB62","2","F3",5.85714285714286,5.66666666666667,4.75,2.25,7,3.66666666666667
"A248PLZABUKB62","3","F3",6.42857142857143,6.16666666666667,4.5,3,5.5,3.66666666666667
"A248PLZABUKB62","4","F3",5.42857142857143,3.66666666666667,5,2.75,7,5
"A248PLZABUKB62","5","F3",5.28571428571429,2.83333333333333,2.5,3.25,7,4.33333333333333
"A255RBA8P0K0XV","1","F3",5.57142857142857,5.5,4,2.75,5.5,6
"A255RBA8P0K0XV","2","F3",5.85714285714286,5.16666666666667,4.5,2.5,5,5.66666666666667
"A255RBA8P0K0XV","3","F3",5.71428571428571,5,5.25,2.5,6,6
"A255RBA8P0K0XV","4","F3",5,4.33333333333333,3.75,2.5,5,5.66666666666667
"A255RBA8P0K0XV","5","F3",5.57142857142857,4.83333333333333,3.75,3,6,5.33333333333333
"A2615YW1YERQBO","1","F3",4.14285714285714,3.83333333333333,3.5,1.75,4.5,4.33333333333333
"A2615YW1YERQBO","2","F3",4,3.5,2,2.5,6,3.33333333333333
"A2615YW1YERQBO","3","F3",5.42857142857143,3.16666666666667,1.25,3,4,4.66666666666667
"A26NGLGGFTATVN","1","F3",6.57142857142857,2.5,4.5,3.5,7,6
"A26NGLGGFTATVN","2","F3",7,2.5,3.75,4,7,5.66666666666667
"A26UAJWMMNN351","1","F3",5.85714285714286,5.66666666666667,4.75,2.75,7,4
"A26UAJWMMNN351","3","F3",5.57142857142857,5,5.25,5,7,7
"A27INSDNTACWAM","1","F3",5.14285714285714,3,2.5,1.25,7,4.33333333333333
"A27INSDNTACWAM","2","F3",4.14285714285714,5.16666666666667,2.25,4,7,5.33333333333333
"A27INSDNTACWAM","3","F3",6.57142857142857,4.66666666666667,2.75,5,7,6.33333333333333
"A27INSDNTACWAM","4","F3",7,5.66666666666667,2.75,3.5,4,NA
"A286W816CMIZL9","1","F3",6.71428571428571,2.33333333333333,2.5,5,7,6.66666666666667
"A286W816CMIZL9","2","F3",NA,1.66666666666667,3.5,3.25,7,6.33333333333333
"A28J7H4TH29DC3","1","F3",5.42857142857143,2.33333333333333,3.5,5,7,5
"A28J7H4TH29DC3","2","F3",5,1.5,3.5,4.5,6,5.66666666666667
"A28J7H4TH29DC3","3","F3",6.71428571428571,4.83333333333333,2.25,4.75,7,6.66666666666667
"A2ASTDMWBCFIP0","1","F3",5.71428571428571,5,2.75,4.25,5,5.33333333333333
"A2AT6TSPPCR106","1","F3",6.71428571428571,2.5,2.75,5,7,7
"A2AT6TSPPCR106","2","F3",6.57142857142857,3.5,2.75,5,7,6
"A2AT6TSPPCR106","4","F3",7,3.5,5.75,2.75,5.5,6
"A2AZYU1CT24O0K","1","F3",5,2.66666666666667,3,5,7,5.33333333333333
"A2AZYU1CT24O0K","2","F3",5.28571428571429,4,3,4.5,5.5,5
"A2AZYU1CT24O0K","3","F3",4.42857142857143,2.5,4.5,2.75,6.5,5
"A2BJTPZLXIGO8D","1","F3",6.28571428571429,3,4,3,4,5.66666666666667
"A2BJTPZLXIGO8D","2","F3",6.57142857142857,2.5,3,3,4.5,6
"A2BJTPZLXIGO8D","3","F3",6.42857142857143,2.16666666666667,3.25,3.75,5,5.66666666666667
"A2CP6MLJVJYBO7","1","F3",5.57142857142857,2.5,5,2.25,6,6
"A2CP6MLJVJYBO7","2","F3",5.57142857142857,2.5,4.25,4.75,6.5,6
"A2DVV59R1CQU6T","1","F3",6.28571428571429,5.66666666666667,3.75,3,7,5
"A2DVV59R1CQU6T","2","F3",6,4.83333333333333,4.5,2.75,6.5,2.66666666666667
"A2DVV59R1CQU6T","3","F3",6.28571428571429,5,4,3.5,6.5,5.33333333333333
"A2EK1HDV4I4GSK","1","F3",5.14285714285714,2.5,1.5,4.5,4.5,4
"A2EK1HDV4I4GSK","2","F3",5.71428571428571,5.66666666666667,4.5,1.5,7,3
"A2EMTSJS47K8SU","1","F3",6.71428571428571,2.66666666666667,5,3.75,6,5.66666666666667
"A2EMTSJS47K8SU","2","F3",7,3.83333333333333,5.5,3.5,4,6.66666666666667
"A2EMTSJS47K8SU","3","F3",5.42857142857143,2.66666666666667,5.25,2.75,7,4.66666666666667
"A2ESBX4C2Q6TQY","1","F3",6.71428571428571,6,2.5,5,4.5,5
"A2ESBX4C2Q6TQY","2","F3",6.71428571428571,4.83333333333333,1.5,5,5.5,5
"A2ESBX4C2Q6TQY","3","F3",5.85714285714286,4.5,3.5,4.75,6.5,1
"A2ESBX4C2Q6TQY","4","F3",6.28571428571429,4.66666666666667,5.25,4.5,7,4.33333333333333
"A2ESBX4C2Q6TQY","5","F3",4.71428571428571,2.16666666666667,3.75,4.75,7,4.33333333333333
"A2F5QCUTZU7KF7","1","F3",7,4.16666666666667,5.5,2.75,5.5,6
"A2F5QCUTZU7KF7","3","F3",6.28571428571429,3.5,5,2,6,5
"A2FP41BSPG0Y4A","1","F3",5.28571428571429,4.83333333333333,0.75,2.5,5,6
"A2FP41BSPG0Y4A","2","F3",5.57142857142857,5.16666666666667,3,3.75,6,6
"A2FP41BSPG0Y4A","3","F3",5,5,3,3,5.5,5.66666666666667
"A2GTBBZA2M82NR","1","F3",4.71428571428571,1,4.25,1,7,4.33333333333333
"A2GTBBZA2M82NR","2","F3",7,5.16666666666667,1.25,5,4,5.66666666666667
"A2GTBBZA2M82NR","3","F3",5.14285714285714,1,4,4,7,5
"A2GTBBZA2M82NR","4","F3",4.71428571428571,2.33333333333333,2,3.5,5.5,5.33333333333333
"A2HQMB1GSEADL","1","F3",3.42857142857143,4.33333333333333,4.75,3,7,2.33333333333333
"A2HQMB1GSEADL","2","F3",3,1.66666666666667,4.25,1.25,7,4
"A2HQMB1GSEADL","3","F3",4.71428571428571,3.83333333333333,1.25,4.25,7,3.66666666666667
"A2HQMB1GSEADL","4","F3",3.57142857142857,3.33333333333333,3.25,1.5,5.5,4
"A2HQMB1GSEADL","5","F3",2.85714285714286,1.83333333333333,5,1.5,6.5,4
"A2IJEKMVEHQ90W","1","F3",6.57142857142857,7,4.5,3.25,7,7
"A2IJEKMVEHQ90W","2","F3",6.42857142857143,6.33333333333333,4.25,3.5,7,6.66666666666667
"A2IJEKMVEHQ90W","3","F3",5.57142857142857,5.83333333333333,3.75,3.5,7,6.33333333333333
"A2IJEKMVEHQ90W","4","F3",6.28571428571429,6.5,5.5,3.5,7,7
"A2KOR4003SVNC5","1","F3",5.57142857142857,5.33333333333333,3,3.75,6,5.33333333333333
"A2KOR4003SVNC5","2","F3",5,2.5,2,3.5,4,5.66666666666667
"A2KOR4003SVNC5","3","F3",4.28571428571429,2,2.75,3.25,3,5.33333333333333
"A2LT6KC1X51FVW","1","F3",7.14285714285714,3.66666666666667,2.25,4.25,5,4.33333333333333
"A2LT6KC1X51FVW","2","F3",6.71428571428571,3.33333333333333,3,4.25,7,6
"A2LU3430Q972IN","3","F3",4.85714285714286,3.33333333333333,5.25,2,5,6.66666666666667
"A2NAKIXS3DVGAA","1","F3",3.57142857142857,2.5,5,2.25,4,3
"A2NHFSO7GMM8QR","1","F3",7,4.66666666666667,2,4.75,7,7
"A2NHFSO7GMM8QR","2","F3",5.42857142857143,3.33333333333333,5.75,4.75,1.5,4.33333333333333
"A2O2Q0LVWOWJ1G","1","F3",6.14285714285714,1.16666666666667,2.25,4.75,5,4
"A2O2Q0LVWOWJ1G","3","F3",6.42857142857143,2,0.75,4.75,6.5,3.33333333333333
"A2PE32I58ANCDD","1","F3",6,4.5,NA,2.5,5,NA
"A2PE32I58ANCDD","2","F3",5.28571428571429,2.66666666666667,3,2.5,4.5,5.33333333333333
"A2R75YFKVALBXE","1","F3",6.28571428571429,4,3.75,2,5.5,5.66666666666667
"A2R75YFKVALBXE","2","F3",5.71428571428571,5.5,4,3.5,6,6
"A2R75YFKVALBXE","3","F3",5.71428571428571,4.16666666666667,3.5,3,4,6
"A2R75YFKVALBXE","4","F3",5.57142857142857,2.83333333333333,2,3.5,6,6
"A2R75YFKVALBXE","5","F3",5.28571428571429,3.33333333333333,1.75,3.25,6,5.33333333333333
"A2R9OK4M877ZCC","3","F3",6.57142857142857,5.83333333333333,5,4.25,7,5.66666666666667
"A2RMJNF6IPI42F","1","F3",5.28571428571429,2,2.5,4.25,5.5,5
"A2RMJNF6IPI42F","2","F3",5.28571428571429,2.83333333333333,3.25,5,5.5,5.66666666666667
"A2RMJNF6IPI42F","3","F3",6,3.16666666666667,1,5,6,5.66666666666667
"A2RMJNF6IPI42F","4","F3",4.85714285714286,4.16666666666667,2.75,4.25,6,6.66666666666667
"A2RMJNF6IPI42F","5","F3",6,3.66666666666667,3,5,5,5.66666666666667
"A2SFFO79KSG5VA","1","F3",4.57142857142857,2.16666666666667,3,3.25,7,4.33333333333333
"A2SFFO79KSG5VA","2","F3",2.85714285714286,1.16666666666667,1.75,0.5,6.5,3.33333333333333
"A2SFFO79KSG5VA","3","F3",3.57142857142857,2.16666666666667,2.75,1.5,5.5,4
"A2SFFO79KSG5VA","4","F3",4.71428571428571,2.66666666666667,1.75,NA,5.5,3.66666666666667
"A2SFFO79KSG5VA","5","F3",5.71428571428571,5.66666666666667,4.5,2.75,5.5,2.66666666666667
"A2SKOPFTRTNFUY","1","F3",6.42857142857143,3,3.5,4,7,6
"A2SKOPFTRTNFUY","2","F3",5,2.33333333333333,2.75,0.75,7,5.66666666666667
"A2SKOPFTRTNFUY","3","F3",4.71428571428571,1.83333333333333,3.5,2,7,6
"A2SKOPFTRTNFUY","4","F3",5.71428571428571,4.16666666666667,1.5,3.75,7,5.33333333333333
"A2TLN8489YGY81","1","F3",5.57142857142857,4,1,4.25,4.5,4
"A2VGEE0ZIZ8CBQ","1","F3",5.85714285714286,4.16666666666667,4.75,3.5,6.5,5.33333333333333
"A2VGEE0ZIZ8CBQ","2","F3",4.42857142857143,4.16666666666667,4.5,3.5,6.5,3.66666666666667
"A2VGEE0ZIZ8CBQ","3","F3",6.14285714285714,4.66666666666667,4.75,4.5,6,5
"A2VGFS03KCCR1Q","1","F3",6,2.5,4,5,4.5,4.33333333333333
"A2VGFS03KCCR1Q","2","F3",4.42857142857143,4.5,2.5,4.75,7,4.66666666666667
"A2VNSNAN1LZBAM","1","F3",5.85714285714286,4.66666666666667,3.75,5,5.5,4.66666666666667
"A2VNSNAN1LZBAM","2","F3",5.57142857142857,3.33333333333333,3.25,4.5,5.5,3
"A2VNSNAN1LZBAM","3","F3",6.71428571428571,5.5,5.25,3.25,7,2.33333333333333
"A2W0G89O7E9EFO","1","F3",6.14285714285714,4.66666666666667,2.75,3.5,5.5,5
"A2W0G89O7E9EFO","3","F3",5,2.5,5.5,1.25,6.5,5.33333333333333
"A2W0G89O7E9EFO","4","F3",5.42857142857143,3,5.5,2.25,5.5,5
"A2W0G89O7E9EFO","5","F3",3.71428571428571,3.83333333333333,3,2,6,3.33333333333333
"A2WJMGV0HKQG3Z","2","F3",6.28571428571429,4.66666666666667,4.75,3.5,7,4
"A2WJMGV0HKQG3Z","3","F3",7,5.5,6,3.5,7,7
"A2X3FSFHV5GHJU","2","F3",4.28571428571429,2.5,3.25,1.5,7,3.66666666666667
"A2X3FSFHV5GHJU","3","F3",4.71428571428571,NA,3,3.75,4,4
"A2Y0WNHMT4PZ4C","1","F3",5.57142857142857,3.33333333333333,2.75,4.25,5.5,4.66666666666667
"A2Y0WNHMT4PZ4C","3","F3",5.57142857142857,3,1.25,3,5.5,4.33333333333333
"A2YVAWO75X8R78","1","F3",6,5,3.25,5,6.5,4.33333333333333
"A2YVAWO75X8R78","2","F3",4.85714285714286,3.66666666666667,2.5,4,2.5,5.33333333333333
"A2YVAWO75X8R78","3","F3",6.14285714285714,3.33333333333333,2.5,3.5,2.5,2.33333333333333
"A2YVAWO75X8R78","4","F3",4.71428571428571,2.66666666666667,4,3.75,3,5
"A2YVAWO75X8R78","5","F3",3.71428571428571,3.5,2,2,7,3
"A2ZGAH6NOSU2PO","1","F3",6.14285714285714,NA,4.5,3.5,7,5.66666666666667
"A2ZGAH6NOSU2PO","3","F3",5.42857142857143,4.33333333333333,2.5,4.5,7,4.66666666666667
"A2ZGAH6NOSU2PO","4","F3",6.57142857142857,2.5,4.75,3.5,7,5
"A2ZGAH6NOSU2PO","5","F3",5.42857142857143,3,4.25,2.5,7,4.33333333333333
"A302KOFOYLD89A","2","F3",5.57142857142857,3,2.25,2.5,6,3.66666666666667
"A302KOFOYLD89A","3","F3",5.42857142857143,3.66666666666667,3.25,2.75,7,3.66666666666667
"A30FIPRPFQRBO6","1","F3",6.57142857142857,4.5,3.25,5,7,7
"A30HUZHJBOX1LK","1","F3",5.71428571428571,3.83333333333333,4.5,4,7,6
"A30HUZHJBOX1LK","2","F3",5.71428571428571,4.33333333333333,4.25,3.75,7,6.33333333333333
"A314XJY8V1YL12","1","F3",6.28571428571429,4.5,2,4.25,5,5.33333333333333
"A314XJY8V1YL12","2","F3",5.85714285714286,4.33333333333333,2.5,4,7,5
"A314XJY8V1YL12","3","F3",5.71428571428571,3.66666666666667,2.25,3.5,6,4.33333333333333
"A314XJY8V1YL12","4","F3",5.57142857142857,4.16666666666667,3.75,3,5,4.33333333333333
"A321WQIFK10UV3","1","F3",7,5,4.5,4.5,7,7
"A321WQIFK10UV3","2","F3",7,5.16666666666667,4.5,4.75,7,6
"A321WQIFK10UV3","3","F3",6.42857142857143,5.16666666666667,4.5,3.5,7,6.66666666666667
"A33RI08QRVG5Q0","1","F3",5,2.5,5,3.25,6.5,5.33333333333333
"A33RI08QRVG5Q0","2","F3",5.42857142857143,3,5,3.25,6.5,6.33333333333333
"A33RI08QRVG5Q0","3","F3",5.85714285714286,NA,3.5,2.75,5,NA
"A33RI08QRVG5Q0","4","F3",4.42857142857143,2.5,5.25,2.25,6.5,5.33333333333333
"A33RI08QRVG5Q0","5","F3",4.14285714285714,2.5,4.75,2,6.5,3.66666666666667
"A34VLM2UC0JY11","2","F3",5.71428571428571,3,6,4.25,5.5,6
"A350SLJRMBIFM4","1","F3",4.57142857142857,2,5.75,0.75,4,2.66666666666667
"A350SLJRMBIFM4","3","F3",6.28571428571429,3.5,1,3,7,5.33333333333333
"A351LMMMFYPM7U","1","F3",4.28571428571429,1.33333333333333,3.75,3.25,6.5,3.66666666666667
"A351LMMMFYPM7U","2","F3",5,3.16666666666667,5.5,3.75,7,4.33333333333333
"A351LMMMFYPM7U","3","F3",4.71428571428571,2.66666666666667,3,3.25,5,4
"A351LMMMFYPM7U","4","F3",4.57142857142857,2.5,3.5,3.75,6,3.66666666666667
"A351LMMMFYPM7U","5","F3",5.28571428571429,1.83333333333333,3,1.25,3.5,3.33333333333333
"A37PUSY6CJ7TQ0","1","F3",4.85714285714286,1.33333333333333,5.25,2.25,5.5,3.33333333333333
"A37PUSY6CJ7TQ0","2","F3",4.85714285714286,2.66666666666667,1.75,4,5,4.66666666666667
"A37PUSY6CJ7TQ0","3","F3",4.71428571428571,1.66666666666667,4.5,2.5,6.5,3.66666666666667
"A37PUSY6CJ7TQ0","4","F3",4.57142857142857,2,2.25,1.75,2.5,3.33333333333333
"A37PUSY6CJ7TQ0","5","F3",5,1.5,5.5,3.75,6.5,4.66666666666667
"A38DHLB88V8DL8","1","F3",5.71428571428571,3.33333333333333,3.75,4,7,5.33333333333333
"A38DHLB88V8DL8","2","F3",5.85714285714286,2.66666666666667,2.75,3.75,7,5.66666666666667
"A38DHLB88V8DL8","3","F3",5.57142857142857,3,3.25,3,7,4
"A38DHLB88V8DL8","4","F3",5.42857142857143,2.83333333333333,4,3.5,4.5,5.66666666666667
"A3989GRV3UV5VW","1","F3",4.85714285714286,2.5,4,2.75,7,4.33333333333333
"A3989GRV3UV5VW","2","F3",5.42857142857143,3.33333333333333,5.25,2.5,6,4.66666666666667
"A3989GRV3UV5VW","3","F3",5.14285714285714,2.5,1.75,1,5.5,3.33333333333333
"A39H9RIYRB5ZYV","1","F3",6.71428571428571,3.66666666666667,5.25,3.75,4.5,7
"A39H9RIYRB5ZYV","2","F3",7,4,4.5,3,6.5,7
"A39H9RIYRB5ZYV","3","F3",5.85714285714286,1.5,5.25,4,6,6.66666666666667
"A39H9RIYRB5ZYV","4","F3",7,4.33333333333333,3.25,3,3.5,6
"A3AE0JEXW4DB34","1","F3",6.57142857142857,2.5,5,3.75,6.5,6
"A3AE0JEXW4DB34","2","F3",6.57142857142857,2.5,5.5,4,6,7
"A3AE0JEXW4DB34","3","F3",6.14285714285714,2.66666666666667,3.75,4.5,5,6.33333333333333
"A3AE0JEXW4DB34","4","F3",6.85714285714286,1,6,2.25,7,6.33333333333333
"A3AE0JEXW4DB34","5","F3",4.28571428571429,2.16666666666667,2.5,3,3,2.33333333333333
"A3AJJHOAV7WIUQ","1","F3",6.57142857142857,6.16666666666667,5.25,4.25,6.5,6
"A3AJJHOAV7WIUQ","2","F3",6.57142857142857,4,1.5,4.5,7,5.66666666666667
"A3BE3KXD518TZ4","1","F3",5.85714285714286,3.66666666666667,3.5,2.75,5.5,5.33333333333333
"A3BE3KXD518TZ4","2","F3",6.14285714285714,3.5,5,3.5,4.5,5
"A3BE3KXD518TZ4","3","F3",5.57142857142857,3.16666666666667,1.5,1.5,4.5,5.66666666666667
"A3CAF7LTD3ORSG","1","F3",5.14285714285714,2.33333333333333,4.5,3.25,6,5.66666666666667
"A3CAF7LTD3ORSG","3","F3",5.85714285714286,3.66666666666667,5,1.75,6,5.66666666666667
"A3E76V59BKGKCQ","1","F3",6,4,2,3.25,6,6
"A3E76V59BKGKCQ","2","F3",5,5,3.5,3.75,7,6.33333333333333
"A3E76V59BKGKCQ","3","F3",6,2.83333333333333,3,2.75,5.5,5.66666666666667
"A3GI28OVLDI9ST","2","F3",5.42857142857143,4.33333333333333,2.75,4.5,6,4
"A3GI28OVLDI9ST","5","F3",6.42857142857143,3.83333333333333,5.25,3.25,7,4.33333333333333
"A3GZXU4FUJTKZD","2","F3",6.85714285714286,5.33333333333333,1.5,3.25,6,5
"A3GZXU4FUJTKZD","3","F3",3.71428571428571,3.83333333333333,1.25,2.5,7,6.66666666666667
"A3GZXU4FUJTKZD","4","F3",4.57142857142857,3.16666666666667,2.75,2.75,7,6.33333333333333
"A3GZXU4FUJTKZD","5","F3",3.57142857142857,4,1.25,3.75,7,5
"A3HXM7BGH18FOW","1","F3",4.71428571428571,2.66666666666667,3.5,5,7,4.66666666666667
"A3HXM7BGH18FOW","2","F3",2.28571428571429,1.5,3.75,-0.25,2,3
"A3HXM7BGH18FOW","3","F3",3.42857142857143,1.66666666666667,0.5,5,3.5,5.66666666666667
"A3KFFIBJZVM0J2","2","F3",6.28571428571429,1.83333333333333,3.75,2.5,7,4.33333333333333
"A3KFFIBJZVM0J2","3","F3",4.85714285714286,2.5,4,0.5,7,4
"A3KIDRWRKC7RI5","1","F3",5.14285714285714,3,3,3.5,7,4
"A3KIDRWRKC7RI5","2","F3",4.28571428571429,3.5,2.5,2.5,6.5,3.66666666666667
"A3KIDRWRKC7RI5","3","F3",4.71428571428571,4,3.75,4.5,6,4
"A3KIDRWRKC7RI5","4","F3",4.71428571428571,3.33333333333333,2.5,2.5,4.5,2.33333333333333
"A3KIDRWRKC7RI5","5","F3",3.85714285714286,1.83333333333333,0.25,1.25,4.5,3.33333333333333
"A3KIZLHCD945UK","1","F3",6.14285714285714,3.16666666666667,2.25,4,7,6.66666666666667
"A3KIZLHCD945UK","3","F3",6.57142857142857,4.83333333333333,2.75,4.25,7,7
"A3M81P9BEVE1GD","1","F3",6.14285714285714,6.5,3.75,3.5,6,5.66666666666667
"A3M81P9BEVE1GD","4","F3",6.42857142857143,5.33333333333333,4,2,6.5,5.66666666666667
"A3M81P9BEVE1GD","5","F3",5.57142857142857,5.5,3.5,3.5,6.5,5.33333333333333
"A3NKNOE5HIXXL","1","F3",6.57142857142857,3.83333333333333,3.5,2.75,6.5,5.66666666666667
"A3NKNOE5HIXXL","2","F3",6.28571428571429,3.5,3.75,4.75,2.5,6
"A3NKNOE5HIXXL","3","F3",5.57142857142857,3.66666666666667,3.5,4.25,5,6.33333333333333
"A3NLSGHK6RFXA8","1","F3",5.28571428571429,3.66666666666667,4.25,4.25,7,6
"A3NLSGHK6RFXA8","3","F3",4.71428571428571,1.16666666666667,0.75,2,7,2.66666666666667
"A3NLSGHK6RFXA8","4","F3",6.42857142857143,1.5,1.5,2.75,6,6
"A3NRAEKWOKVUNN","1","F3",3.14285714285714,1.5,4,1.5,6,3.66666666666667
"A3NRAEKWOKVUNN","2","F3",4.14285714285714,1.66666666666667,1,2,6,4
"A3NXT3OVGL7QNR","1","F3",7,3.16666666666667,3.5,2.25,6.5,4.33333333333333
"A3O0ZQMDKOKAMR","1","F3",5.71428571428571,3.66666666666667,3.75,3.5,5,5.66666666666667
"A3O0ZQMDKOKAMR","2","F3",6.42857142857143,3.5,4.25,3.25,5.5,6.66666666666667
"A3OAXRZT3MVJML","1","F3",5,2.33333333333333,3.25,3.75,6,4.33333333333333
"A3OAXRZT3MVJML","2","F3",4.42857142857143,2.83333333333333,4,2,5.5,3.66666666666667
"A3OAXRZT3MVJML","3","F3",4.42857142857143,1.33333333333333,3.75,3.75,6.5,3.33333333333333
"A3OLRWACCCCUTU","1","F3",5,2.66666666666667,5.25,2.5,7,5.66666666666667
"A3OLRWACCCCUTU","2","F3",3.57142857142857,1.83333333333333,5.25,1,7,3.33333333333333
"A3OLRWACCCCUTU","3","F3",6,2.83333333333333,3.75,3,7,5.66666666666667
"A3OLRWACCCCUTU","4","F3",5.42857142857143,3.33333333333333,3.25,3.75,6,6
"A3OPRR8AXT6OSJ","1","F3",6.57142857142857,2.5,2,2.25,7,6.66666666666667
"A3OPRR8AXT6OSJ","2","F3",6.42857142857143,3.5,4.5,3.75,7,7
"A3OUNEJO97MM8E","1","F3",5.85714285714286,4.83333333333333,5.5,2.5,7,6
"A3OUNEJO97MM8E","2","F3",7,6.16666666666667,4.75,2.5,6.5,6.33333333333333
"A3OUNEJO97MM8E","3","F3",5.28571428571429,4.5,4.75,3.75,5,5.33333333333333
"A3PSV85ZUXP9VF","1","F3",5.85714285714286,4.5,5.25,3.75,6.5,4.33333333333333
"A3PSV85ZUXP9VF","2","F3",5.14285714285714,2.5,-1,4.25,6,2.33333333333333
"A3PSV85ZUXP9VF","3","F3",4.85714285714286,2.5,0.5,4.25,6.5,4
"A3ROYUO9LWA22S","2","F3",7,5.5,5,3.25,7,4.66666666666667
"A3ROYUO9LWA22S","3","F3",6.57142857142857,3,5.5,3.25,7,7
"A3ROYUO9LWA22S","4","F3",6.85714285714286,4.33333333333333,6,3.75,7,7
"A3ROYUO9LWA22S","5","F3",7,4.83333333333333,5.5,3.5,7,6
"A3VYBAO7UQQHGC","3","F3",5.14285714285714,2.33333333333333,1.25,1.5,7,5.66666666666667
"A3VZUPCZB4Q9XW","1","F3",4.14285714285714,2.33333333333333,4.75,2.5,5.5,5
"A3VZUPCZB4Q9XW","2","F3",4.57142857142857,2,1,1.75,6,5.66666666666667
"A3VZUPCZB4Q9XW","3","F3",3,2,3.5,1.75,6,5.66666666666667
"A3VZUPCZB4Q9XW","4","F3",4.57142857142857,4.16666666666667,1.25,3.5,5.5,3.66666666666667
"A3VZUPCZB4Q9XW","5","F3",2.71428571428571,2.16666666666667,3.5,2,6,5
"A49CVVOWN4D6Y","1","F3",6.14285714285714,4.16666666666667,3.5,5,6,6
"A49CVVOWN4D6Y","2","F3",6.85714285714286,3.5,2.25,4.5,5.5,5.33333333333333
"A49CVVOWN4D6Y","3","F3",7,4.5,5.5,3.5,7,6
"A49CVVOWN4D6Y","5","F3",5.85714285714286,2.16666666666667,4.75,2,5.5,6.33333333333333
"A4BDXOXC4D8FX","1","F3",5,3,4,4.75,7,3
"A4BDXOXC4D8FX","2","F3",6.28571428571429,1.66666666666667,4.75,1.5,7,5
"A4BDXOXC4D8FX","3","F3",4,1.33333333333333,5.75,4.5,7,3
"A5A14MTB35J23","1","F3",3.14285714285714,2,2.75,1.75,7,3.33333333333333
"A5A14MTB35J23","2","F3",2.28571428571429,1.16666666666667,1.5,2.25,7,3.33333333333333
"A5A14MTB35J23","5","F3",4.42857142857143,3,5.25,2,7,5.33333333333333
"A5E2P5F1AXYZ1","1","F3",5.14285714285714,3.83333333333333,4,3.75,7,5
"A5E2P5F1AXYZ1","2","F3",6.42857142857143,4.16666666666667,4.25,4.25,7,5.33333333333333
"A5E2P5F1AXYZ1","3","F3",5.71428571428571,4.33333333333333,3.75,3.75,7,5
"A5E2P5F1AXYZ1","4","F3",5.71428571428571,3.5,4.25,3.5,4.5,4.33333333333333
"A5E2P5F1AXYZ1","5","F3",6.28571428571429,3.16666666666667,3.5,3.75,7,5.33333333333333
"A6JUD4NCQCDWG","1","F3",5.57142857142857,2.83333333333333,3.25,4,5.5,5
"A6JUD4NCQCDWG","2","F3",4.42857142857143,1.83333333333333,3.5,2.75,5,3.66666666666667
"A770OB1ZAGJ4G","1","F3",6.71428571428571,5.83333333333333,4.5,5,7,4
"A770OB1ZAGJ4G","2","F3",5.85714285714286,5.5,3.5,4.5,4,6.33333333333333
"A770OB1ZAGJ4G","3","F3",6.71428571428571,5.66666666666667,3,4.75,7,6.66666666666667
"A770OB1ZAGJ4G","4","F3",6.28571428571429,5.16666666666667,3.25,4,6.5,6.66666666666667
"A7P3R1AIA4TVV","1","F3",4,2.16666666666667,1.25,3.25,6.5,5.33333333333333
"A7P3R1AIA4TVV","2","F3",6,3,0.75,4.25,7,4.66666666666667
"AADRZTXSE7211","1","F3",6.28571428571429,5.16666666666667,3,3.75,6.5,4.33333333333333
"AADRZTXSE7211","2","F3",5.71428571428571,4.16666666666667,2,4.5,7,5
"AADRZTXSE7211","3","F3",6.42857142857143,4.33333333333333,4.75,3.5,6,5.66666666666667
"AADRZTXSE7211","4","F3",5.42857142857143,4.33333333333333,4.75,2.75,6.5,4.66666666666667
"AAHZCL4LIPCBQ","1","F3",7,3,4.25,3.5,7,5
"AAHZCL4LIPCBQ","2","F3",7,3,5.25,3.5,7,6
"AAHZCL4LIPCBQ","3","F3",7,3,4.5,3.5,7,6
"ABOEYY9Y0PFRI","1","F3",3.14285714285714,2,3.5,2.75,3.5,3.33333333333333
"ABOEYY9Y0PFRI","3","F3",3.85714285714286,1.83333333333333,2.75,1.5,5,2.66666666666667
"ADJ9I7ZBFYFH7","1","F3",5.14285714285714,1.16666666666667,3,1.25,7,4
"ADJ9I7ZBFYFH7","2","F3",5,1.5,4.5,4.5,7,4.33333333333333
"ADJ9I7ZBFYFH7","3","F3",5.28571428571429,2.33333333333333,4.75,4.5,6,5.66666666666667
"ADYMIMV1PE14V","1","F3",6.14285714285714,5.16666666666667,2.75,5,7,6
"ADYMIMV1PE14V","2","F3",5.14285714285714,3.5,4.75,4,6,5.66666666666667
"ADYMIMV1PE14V","3","F3",5.57142857142857,2.5,5.25,3.25,7,4
"AF0W4ZBY7VXOU","1","F3",6.57142857142857,3.66666666666667,4,3,6,7
"AF0W4ZBY7VXOU","2","F3",6.14285714285714,5.33333333333333,3.25,3.25,7,7
"AF0W4ZBY7VXOU","3","F3",6.42857142857143,1.66666666666667,2.75,2.75,7,NA
"AH00EJ6PK1H3A","2","F3",4.14285714285714,1,5.5,1,5,6.66666666666667
"AH00EJ6PK1H3A","3","F3",5,1,3.25,1.75,5,5.33333333333333
"AHKRGPN5D3I2G","1","F3",7,4.16666666666667,5.25,2,7,7
"AHKRGPN5D3I2G","2","F3",7,5,4.5,3.5,7,7
"AHKRGPN5D3I2G","4","F3",7,6,4.5,3.5,7,7
"AHKRGPN5D3I2G","5","F3",7,2.16666666666667,4.5,2,7,7
"AHYTT3T8W9Y9Y","1","F3",5.28571428571429,2.33333333333333,3,3.25,6.5,4
"AIA7RZSAONU5M","1","F3",4.71428571428571,3.16666666666667,0,4.75,4.5,5.66666666666667
"AIA7RZSAONU5M","3","F3",5.14285714285714,3.16666666666667,2,3.5,6,5.33333333333333
"AIHHRINW9IN1I","1","F3",5.28571428571429,4,5.5,3.75,7,3.66666666666667
"AIHHRINW9IN1I","2","F3",5.42857142857143,3.16666666666667,1.5,3.75,7,4
"AIHHRINW9IN1I","3","F3",5.14285714285714,2.16666666666667,5,2.5,5,4.33333333333333
"AIHUIAQ4922K3","1","F3",4.85714285714286,2.5,4.75,2.75,6,4.66666666666667
"AIHUIAQ4922K3","2","F3",5.42857142857143,2.83333333333333,4.75,3.75,6,3.66666666666667
"AJ4T7PTRYNSUW","1","F3",5.71428571428571,5.5,1,4,7,5.66666666666667
"AJ4T7PTRYNSUW","3","F3",5.71428571428571,1.66666666666667,3.5,3.5,6.5,5
"AJDHPRCJ985C7","1","F3",3.85714285714286,4,4.25,3.25,6.5,5
"AJDHPRCJ985C7","2","F3",3.57142857142857,4,3.5,2.75,5.5,5.33333333333333
"AJDHPRCJ985C7","3","F3",5,4.5,4.25,1,7,3.33333333333333
"AJDHPRCJ985C7","5","F3",4,3.5,3,0.25,4.5,3.33333333333333
"AJMWITY1XT7H7","1","F3",4.42857142857143,2.16666666666667,5,2.75,6.5,5.33333333333333
"AJMWITY1XT7H7","2","F3",4,1.5,6,2.25,6,5
"AJMWITY1XT7H7","3","F3",4,2.33333333333333,3.75,2.75,7,4.33333333333333
"AJMWITY1XT7H7","4","F3",4.85714285714286,3,4,4,5,5
"AJQ71YIGY01HZ","1","F3",5.71428571428571,5,3.5,4.5,6,6.33333333333333
"AJQ71YIGY01HZ","2","F3",6.85714285714286,3.66666666666667,3.75,3.75,7,4.33333333333333
"AKMOBFEEKW378","1","F3",5.85714285714286,2.83333333333333,5.5,4.5,7,4.66666666666667
"AKMOBFEEKW378","2","F3",5.42857142857143,4,0,4.25,7,5.66666666666667
"AKMOBFEEKW378","3","F3",6.14285714285714,3.16666666666667,-0.25,2,6,5
"AKMOBFEEKW378","4","F3",5.85714285714286,3.83333333333333,4.5,4,7,4.66666666666667
"AKMOBFEEKW378","5","F3",5.71428571428571,3.33333333333333,3.75,3,7,3.66666666666667
"AKX5RHHO8BIUX","2","F3",6.85714285714286,6.5,3.25,3.5,6,6.66666666666667
"AKX5RHHO8BIUX","3","F3",4.42857142857143,3.66666666666667,4.25,2.25,7,5
"AKX5RHHO8BIUX","4","F3",5.42857142857143,4.5,3.25,2.5,6.5,5.66666666666667
"AL7UTA8J27TFK","1","F3",6.42857142857143,5,4,4.25,7,6.33333333333333
"AL7UTA8J27TFK","2","F3",5.71428571428571,2,5.5,3,6,5.33333333333333
"AL7UTA8J27TFK","4","F3",5.71428571428571,4.33333333333333,2.5,4.5,6.5,6
"ALAOEYIYW0CW7","1","F3",7,5.16666666666667,1.25,4.25,5.5,7
"ALAOEYIYW0CW7","2","F3",7,6.33333333333333,5,4.5,6,6
"ALAOEYIYW0CW7","3","F3",7,6,3,3.5,7,6.66666666666667
"ALAOEYIYW0CW7","4","F3",6.57142857142857,4.83333333333333,3.25,3.75,5,5.66666666666667
"ALAOEYIYW0CW7","5","F3",7,5.83333333333333,3.75,4.5,6,6.66666666666667
"ALDQRWYZ8KQ9A","1","F3",6,3.16666666666667,4.5,4.25,6.5,5.66666666666667
"ALDQRWYZ8KQ9A","2","F3",5.28571428571429,4.83333333333333,5.5,4.25,6,3.66666666666667
"ALDQRWYZ8KQ9A","3","F3",5.28571428571429,3.5,2,3,7,3.66666666666667
"AM0QVBV8L6QCJ","1","F3",5.28571428571429,2.83333333333333,4.75,4,7,5.33333333333333
"AM0QVBV8L6QCJ","2","F3",6.57142857142857,3.66666666666667,2,3.75,5.5,5
"AMA18W8F60Y2J","1","F3",5,1.83333333333333,2.5,4.25,7,4.66666666666667
"AMTTB8JUWRRM7","1","F3",5.71428571428571,2.16666666666667,1.25,4.75,7,4
"ANZNAAS2K0DSY","1","F3",5.85714285714286,2.83333333333333,4.75,3.5,7,5
"AOS2PVHT2HYTL","1","F3",5.85714285714286,2.83333333333333,4.25,3.75,6.5,3.33333333333333
"AOS2PVHT2HYTL","2","F3",5.28571428571429,3.83333333333333,5.75,2,7,2.66666666666667
"AOS2PVHT2HYTL","3","F3",6.28571428571429,3.16666666666667,3.75,3.75,7,3
"APY7YO8CH0ZDP","1","F3",7,4.33333333333333,3.75,4.75,5,6.33333333333333
"APY7YO8CH0ZDP","2","F3",5.57142857142857,1.83333333333333,3.75,4,6.5,6.66666666666667
"APY7YO8CH0ZDP","3","F3",6.42857142857143,2.33333333333333,3,4,4,5
"AQAXDL1INQC9Q","1","F3",5.85714285714286,2.5,3.25,3.5,7,3.66666666666667
"AQAXDL1INQC9Q","2","F3",5.57142857142857,3.16666666666667,3.5,2.75,7,4.33333333333333
"AQAXDL1INQC9Q","3","F3",6.14285714285714,5,4,1.75,6.5,3.33333333333333
"AQMLJYUQCSG22","1","F3",5.14285714285714,2.16666666666667,3.75,3.75,6.5,3.33333333333333
"AQMLJYUQCSG22","3","F3",2.14285714285714,1.66666666666667,2.5,1.5,6,3
"ARQR5NIFA1AJ","1","F3",4.28571428571429,2.83333333333333,2,3.75,5,4.33333333333333
"ARQR5NIFA1AJ","2","F3",5.71428571428571,5.16666666666667,3.75,3.25,4.5,4.66666666666667
"ARQR5NIFA1AJ","3","F3",4.28571428571429,4.16666666666667,4,1.5,4,3.33333333333333
"AS2MFSWNC5CQI","1","F3",6.42857142857143,4.16666666666667,4.75,3.5,6.5,6
"AS2MFSWNC5CQI","2","F3",6.57142857142857,4.16666666666667,4.5,5,7,5.66666666666667
"AS2MFSWNC5CQI","3","F3",5.85714285714286,3.66666666666667,5.5,3,7,6.33333333333333
"AS2MFSWNC5CQI","4","F3",5,3.66666666666667,2.75,5,6,5
"AS6FM754MF2B2","1","F3",6,2.83333333333333,4.25,4,7,7
"AS6FM754MF2B2","2","F3",6.14285714285714,3.16666666666667,4,3.5,6,6.33333333333333
"AS6FM754MF2B2","3","F3",5.85714285714286,4.16666666666667,2.5,4,7,6
"ASY5W2HJPIPF4","2","F3",4.71428571428571,3.83333333333333,3,4.5,7,3.33333333333333
"AU34T9OMHN4Z4","1","F3",6.28571428571429,3.66666666666667,5.75,3.5,7,5.66666666666667
"AU34T9OMHN4Z4","2","F3",5.14285714285714,2.83333333333333,2.75,4.5,5,6
"AU34T9OMHN4Z4","3","F3",5.28571428571429,3.16666666666667,1.5,5,7,4
"AUQTHU5AOZVQC","2","F3",6.28571428571429,4.66666666666667,5,2,7,6.66666666666667
"AUQTHU5AOZVQC","3","F3",6.71428571428571,4.5,3.75,4.75,7,6.33333333333333
"AUQTHU5AOZVQC","4","F3",5.42857142857143,3.5,5.5,3.25,7,7
"AVKMFV9CZ0MLR","1","F3",6.85714285714286,3,3.75,3,7,7
"AVKMFV9CZ0MLR","2","F3",6.85714285714286,3,4.5,2.25,7,7
"AVKMFV9CZ0MLR","3","F3",6.42857142857143,3,5,2.25,7,7
"AVKMFV9CZ0MLR","4","F3",7,4,4.5,2.25,7,7
"AVKMFV9CZ0MLR","5","F3",6,3,5.75,3,6.5,6.66666666666667
"AWTGJ45ZWUCHH","1","F3",4,4,5.25,2.75,7,4.33333333333333
"AWTGJ45ZWUCHH","2","F3",3.85714285714286,2,6,2.75,4,6
"AWTGJ45ZWUCHH","3","F3",6.14285714285714,5,4.5,3.5,4,7
"AWVLT2L5AP873","2","F3",6.42857142857143,6.16666666666667,5.5,3.25,5,4.33333333333333
"AWVLT2L5AP873","3","F3",5.85714285714286,4.5,2.75,4.25,7,4
"AXF0OX50YZQC6","1","F3",5.14285714285714,4,4.25,3.5,3.5,7
"AXF0OX50YZQC6","2","F3",6.57142857142857,3,2.25,4.25,7,7
"AXF0OX50YZQC6","3","F3",5.42857142857143,3,3,3.5,2.5,7
"AXF0OX50YZQC6","4","F3",6.71428571428571,4.5,4.5,2.5,7,6
"AXF0OX50YZQC6","5","F3",5.57142857142857,2.5,5.5,4,3.5,7
"AY4E4CDN0J6JL","1","F3",6.85714285714286,3,4.5,0.75,7,5
"AY4E4CDN0J6JL","2","F3",6.28571428571429,4,4,5,7,3
"AY4E4CDN0J6JL","3","F3",5.71428571428571,5,1,4,7,4
"AY5QPUSEADPBG","1","F3",7,1.66666666666667,3.5,-0.25,7,4.66666666666667
"AYNDATHZBJZ6E","1","F3",6.57142857142857,4.83333333333333,2.25,0.75,6.5,5
"AYNDATHZBJZ6E","2","F3",5.42857142857143,5.33333333333333,4.25,4.75,5,6.33333333333333
"AYNDATHZBJZ6E","3","F3",5.71428571428571,6.5,3,4.5,4.5,5.33333333333333
"AYPOAY43REHC8","1","F3",NA,NA,NA,NA,NA,NA
"AYPOAY43REHC8","2","F3",NA,NA,NA,NA,NA,NA
"AYPOAY43REHC8","3","F3",NA,NA,NA,NA,NA,NA
"AYPOAY43REHC8","4","F3",NA,NA,NA,NA,NA,NA
"AYPOAY43REHC8","5","F3",NA,NA,NA,NA,NA,NA
